algorithm,n,wmax,capacity,seed,family,repetition,profit,elapsed_ms,peak_states,trace_nodes,matrix_queries,singleton_calls,colorings,process_peak_rss_kib,capacity_percent,forced_duplicate_percent,max_weight_items
dp,200,32,347,42,correlated,0,2075,0.298,0,0,0,0,0,3920,10,0,6
dp,200,32,347,42,correlated,1,2075,0.189,0,0,0,0,0,4324,10,0,6
dp,200,32,347,42,correlated,2,2075,0.185,0,0,0,0,0,4324,10,0,6
dp,200,32,1739,42,correlated,0,6091,3.219,0,0,0,0,0,7780,50,0,6
dp,200,32,1739,42,correlated,1,6091,3.534,0,0,0,0,0,10268,50,0,6
dp,200,32,1739,42,correlated,2,6091,3.117,0,0,0,0,0,10268,50,0,6
dp,200,32,3130,42,correlated,0,9146,6.373,0,0,0,0,0,12004,90,0,6
dp,200,32,3130,42,correlated,1,9146,8.343,0,0,0,0,0,18076,90,0,6
dp,200,32,3130,42,correlated,2,9146,7.918,0,0,0,0,0,18084,90,0,6
dp,200,32,640,42,duplicates,0,2469,0.603,0,0,0,0,0,4128,10,100,200
dp,200,32,640,42,duplicates,1,2469,0.432,0,0,0,0,0,4664,10,100,200
dp,200,32,640,42,duplicates,2,2469,0.384,0,0,0,0,0,4668,10,100,200
dp,200,32,3200,42,duplicates,0,9928,7.078,0,0,0,0,0,12004,50,100,200
dp,200,32,3200,42,duplicates,1,9928,6.813,0,0,0,0,0,17436,50,100,200
dp,200,32,3200,42,duplicates,2,9928,6.969,0,0,0,0,0,17444,50,100,200
dp,200,32,5760,42,duplicates,0,13491,14.481,0,0,0,0,0,20236,90,100,200
dp,200,32,5760,42,duplicates,1,13491,17.486,0,0,0,0,0,33092,90,100,200
dp,200,32,5760,42,duplicates,2,13491,14.674,0,0,0,0,0,33100,90,100,200
dp,200,32,347,42,subset,0,347,0.148,0,0,0,0,0,3700,10,0,6
dp,200,32,347,42,subset,1,347,0.076,0,0,0,0,0,4016,10,0,6
dp,200,32,347,42,subset,2,347,0.084,0,0,0,0,0,4016,10,0,6
dp,200,32,1739,42,subset,0,1739,1.698,0,0,0,0,0,5824,50,0,6
dp,200,32,1739,42,subset,1,1739,1.542,0,0,0,0,0,7416,50,0,6
dp,200,32,1739,42,subset,2,1739,1.489,0,0,0,0,0,7416,50,0,6
dp,200,32,3130,42,subset,0,3130,6.793,0,0,0,0,0,12004,90,0,6
dp,200,32,3130,42,subset,1,3130,6.376,0,0,0,0,0,16540,90,0,6
dp,200,32,3130,42,subset,2,3130,6.332,0,0,0,0,0,16548,90,0,6
dp,200,32,347,42,ties,0,2429,0.155,0,0,0,0,0,3792,10,0,6
dp,200,32,347,42,ties,1,2429,0.076,0,0,0,0,0,4108,10,0,6
dp,200,32,347,42,ties,2,2429,0.083,0,0,0,0,0,4108,10,0,6
dp,200,32,1739,42,ties,0,12173,1.832,0,0,0,0,0,5732,50,0,6
dp,200,32,1739,42,ties,1,12173,1.644,0,0,0,0,0,7324,50,0,6
dp,200,32,1739,42,ties,2,12173,1.515,0,0,0,0,0,7324,50,0,6
dp,200,32,3130,42,ties,0,21910,5.532,0,0,0,0,0,11884,90,0,6
dp,200,32,3130,42,ties,1,21910,7.019,0,0,0,0,0,16420,90,0,6
dp,200,32,3130,42,ties,2,21910,6.237,0,0,0,0,0,16428,90,0,6
dp,200,32,347,42,uniform,0,3939,0.459,0,0,0,0,0,4076,10,0,6
dp,200,32,347,42,uniform,1,3939,0.348,0,0,0,0,0,4608,10,0,6
dp,200,32,347,42,uniform,2,3939,0.332,0,0,0,0,0,4612,10,0,6
dp,200,32,1739,42,uniform,0,10440,3.368,0,0,0,0,0,7880,50,0,6
dp,200,32,1739,42,uniform,1,10440,3.382,0,0,0,0,0,11264,50,0,6
dp,200,32,1739,42,uniform,2,10440,3.668,0,0,0,0,0,11272,50,0,6
dp,200,32,3130,42,uniform,0,13487,8.826,0,0,0,0,0,11900,90,0,6
dp,200,32,3130,42,uniform,1,13487,8.216,0,0,0,0,0,19380,90,0,6
dp,200,32,3130,42,uniform,2,13487,8.040,0,0,0,0,0,19388,90,0,6
dp,200,32,640,42,uniform,0,2469,0.521,0,0,0,0,0,4184,10,100,200
dp,200,32,640,42,uniform,1,2469,0.425,0,0,0,0,0,4724,10,100,200
dp,200,32,640,42,uniform,2,2469,0.426,0,0,0,0,0,4728,10,100,200
dp,200,32,3200,42,uniform,0,9928,6.628,0,0,0,0,0,11996,50,100,200
dp,200,32,3200,42,uniform,1,9928,7.051,0,0,0,0,0,17428,50,100,200
dp,200,32,3200,42,uniform,2,9928,7.411,0,0,0,0,0,17436,50,100,200
dp,200,32,5760,42,uniform,0,13491,19.498,0,0,0,0,0,20236,90,100,200
dp,200,32,5760,42,uniform,1,13491,18.547,0,0,0,0,0,33092,90,100,200
dp,200,32,5760,42,uniform,2,13491,13.957,0,0,0,0,0,33100,90,100,200
dp,200,32,424,42,uniform,0,3972,0.599,0,0,0,0,0,4184,10,25,54
dp,200,32,424,42,uniform,1,3972,0.389,0,0,0,0,0,4712,10,25,54
dp,200,32,424,42,uniform,2,3972,0.364,0,0,0,0,0,4716,10,25,54
dp,200,32,2124,42,uniform,0,10423,4.776,0,0,0,0,0,7768,50,25,54
dp,200,32,2124,42,uniform,1,10423,4.869,0,0,0,0,0,11920,50,25,54
dp,200,32,2124,42,uniform,2,10423,3.888,0,0,0,0,0,11920,50,25,54
dp,200,32,3823,42,uniform,0,13516,12.766,0,0,0,0,0,20192,90,25,54
dp,200,32,3823,42,uniform,1,13516,17.456,0,0,0,0,0,29336,90,25,54
dp,200,32,3823,42,uniform,2,13516,14.852,0,0,0,0,0,29344,90,25,54
dp,200,32,508,42,uniform,0,3529,0.623,0,0,0,0,0,4176,10,50,104
dp,200,32,508,42,uniform,1,3529,0.440,0,0,0,0,0,4840,10,50,104
dp,200,32,508,42,uniform,2,3529,0.379,0,0,0,0,0,4844,10,50,104
dp,200,32,2544,42,uniform,0,10278,7.237,0,0,0,0,0,11992,50,50,104
dp,200,32,2544,42,uniform,1,10278,8.474,0,0,0,0,0,16784,50,50,104
dp,200,32,2544,42,uniform,2,10278,6.721,0,0,0,0,0,16792,50,50,104
dp,200,32,4579,42,uniform,0,13512,14.873,0,0,0,0,0,20212,90,50,104
dp,200,32,4579,42,uniform,1,13512,20.126,0,0,0,0,0,31020,90,50,104
dp,200,32,4579,42,uniform,2,13512,14.586,0,0,0,0,0,31028,90,50,104
dp,200,32,569,42,uniform,0,2992,0.779,0,0,0,0,0,4084,10,75,152
dp,200,32,569,42,uniform,1,2992,0.627,0,0,0,0,0,4748,10,75,152
dp,200,32,569,42,uniform,2,2992,0.512,0,0,0,0,0,4748,10,75,152
dp,200,32,2849,42,uniform,0,10056,5.963,0,0,0,0,0,11900,50,75,152
dp,200,32,2849,42,uniform,1,10056,7.323,0,0,0,0,0,17076,50,75,152
dp,200,32,2849,42,uniform,2,10056,7.105,0,0,0,0,0,17080,50,75,152
dp,200,32,5129,42,uniform,0,13481,17.923,0,0,0,0,0,20228,90,75,152
dp,200,32,5129,42,uniform,1,13481,17.551,0,0,0,0,0,32060,90,75,152
dp,200,32,5129,42,uniform,2,13481,16.001,0,0,0,0,0,32068,90,75,152
exchange,200,32,347,42,correlated,0,2075,4.374,4097,6959,518062,0,0,4788,10,0,6
exchange,200,32,347,42,correlated,1,2075,3.038,4097,6959,518062,0,0,5304,10,0,6
exchange,200,32,347,42,correlated,2,2075,2.966,4097,6959,518062,0,0,5304,10,0,6
exchange,200,32,1739,42,correlated,0,6091,6.409,4097,18745,539612,0,0,5616,50,0,6
exchange,200,32,1739,42,correlated,1,6091,4.156,4097,18745,539612,0,0,6768,50,0,6
exchange,200,32,1739,42,correlated,2,6091,4.459,4097,18745,539612,0,0,6792,50,0,6
exchange,200,32,3130,42,correlated,0,9146,5.629,4097,28692,491834,0,0,5672,90,0,6
exchange,200,32,3130,42,correlated,1,9146,4.098,4097,28692,491834,0,0,7208,90,0,6
exchange,200,32,3130,42,correlated,2,9146,4.056,4097,28692,491834,0,0,7220,90,0,6
exchange,200,32,640,42,duplicates,0,2469,1.484,4097,84,750,0,0,4228,10,100,200
exchange,200,32,640,42,duplicates,1,2469,0.172,4097,84,750,0,0,4544,10,100,200
exchange,200,32,640,42,duplicates,2,2469,0.209,4097,84,750,0,0,4608,10,100,200
exchange,200,32,3200,42,duplicates,0,9928,1.751,4097,128,750,0,0,4236,50,100,200
exchange,200,32,3200,42,duplicates,1,9928,0.170,4097,128,750,0,0,4592,50,100,200
exchange,200,32,3200,42,duplicates,2,9928,0.209,4097,128,750,0,0,4628,50,100,200
exchange,200,32,5760,42,duplicates,0,13491,1.297,4097,84,360,0,0,4236,90,100,200
exchange,200,32,5760,42,duplicates,1,13491,0.221,4097,84,360,0,0,4592,90,100,200
exchange,200,32,5760,42,duplicates,2,13491,0.223,4097,84,360,0,0,4656,90,100,200
exchange,200,32,347,42,subset,0,347,6.344,4097,20995,588290,0,0,5684,10,0,6
exchange,200,32,347,42,subset,1,347,4.822,4097,20995,588290,0,0,6884,10,0,6
exchange,200,32,347,42,subset,2,347,4.393,4097,20995,588290,0,0,6896,10,0,6
exchange,200,32,1739,42,subset,0,1739,8.125,4097,31079,1012160,0,0,5684,50,0,6
exchange,200,32,1739,42,subset,1,1739,6.435,4097,31079,1012160,0,0,7268,50,0,6
exchange,200,32,1739,42,subset,2,1739,6.376,4097,31079,1012160,0,0,7292,50,0,6
exchange,200,32,3130,42,subset,0,3130,6.631,4097,29411,692254,0,0,5696,90,0,6
exchange,200,32,3130,42,subset,1,3130,5.009,4097,29411,692254,0,0,7232,90,0,6
exchange,200,32,3130,42,subset,2,3130,4.853,4097,29411,692254,0,0,7256,90,0,6
exchange,200,32,347,42,ties,0,2429,6.070,4097,20995,588290,0,0,5688,10,0,6
exchange,200,32,347,42,ties,1,2429,4.367,4097,20995,588290,0,0,6840,10,0,6
exchange,200,32,347,42,ties,2,2429,4.352,4097,20995,588290,0,0,6840,10,0,6
exchange,200,32,1739,42,ties,0,12173,9.149,4097,31079,1012160,0,0,5712,50,0,6
exchange,200,32,1739,42,ties,1,12173,6.819,4097,31079,1012160,0,0,7244,50,0,6
exchange,200,32,1739,42,ties,2,12173,7.096,4097,31079,1012160,0,0,7268,50,0,6
exchange,200,32,3130,42,ties,0,21910,6.580,4097,29411,692254,0,0,5672,90,0,6
exchange,200,32,3130,42,ties,1,21910,4.966,4097,29411,692254,0,0,7208,90,0,6
exchange,200,32,3130,42,ties,2,21910,4.855,4097,29411,692254,0,0,7208,90,0,6
exchange,200,32,347,42,uniform,0,3939,6.176,4097,20644,619068,0,0,5716,10,0,6
exchange,200,32,347,42,uniform,1,3939,5.026,4097,20644,619068,0,0,6864,10,0,6
exchange,200,32,347,42,uniform,2,3939,5.342,4097,20644,619068,0,0,6876,10,0,6
exchange,200,32,1739,42,uniform,0,10440,8.066,4097,31862,1012188,0,0,5724,50,0,6
exchange,200,32,1739,42,uniform,1,10440,6.731,4097,31862,1012188,0,0,7384,50,0,6
exchange,200,32,1739,42,uniform,2,10440,6.371,4097,31862,1012188,0,0,7408,50,0,6
exchange,200,32,3130,42,uniform,0,13487,6.610,4097,29334,721374,0,0,5620,90,0,6
exchange,200,32,3130,42,uniform,1,13487,5.481,4097,29334,721374,0,0,7188,90,0,6
exchange,200,32,3130,42,uniform,2,13487,5.154,4097,29334,721374,0,0,7204,90,0,6
exchange,200,32,640,42,uniform,0,2469,1.616,4097,84,750,0,0,4268,10,100,200
exchange,200,32,640,42,uniform,1,2469,0.221,4097,84,750,0,0,4592,10,100,200
exchange,200,32,640,42,uniform,2,2469,0.220,4097,84,750,0,0,4656,10,100,200
exchange,200,32,3200,42,uniform,0,9928,1.916,4097,128,750,0,0,4136,50,100,200
exchange,200,32,3200,42,uniform,1,9928,0.172,4097,128,750,0,0,4508,50,100,200
exchange,200,32,3200,42,uniform,2,9928,0.209,4097,128,750,0,0,4576,50,100,200
exchange,200,32,5760,42,uniform,0,13491,1.511,4097,84,360,0,0,4236,90,100,200
exchange,200,32,5760,42,uniform,1,13491,0.189,4097,84,360,0,0,4552,90,100,200
exchange,200,32,5760,42,uniform,2,13491,0.214,4097,84,360,0,0,4616,90,100,200
exchange,200,32,424,42,uniform,0,3972,6.610,4097,18340,550498,0,0,5588,10,25,54
exchange,200,32,424,42,uniform,1,3972,4.494,4097,18340,550498,0,0,6804,10,25,54
exchange,200,32,424,42,uniform,2,3972,4.356,4097,18340,550498,0,0,6804,10,25,54
exchange,200,32,2124,42,uniform,0,10423,7.403,4097,25670,816450,0,0,5672,50,25,54
exchange,200,32,2124,42,uniform,1,10423,5.859,4097,25670,816450,0,0,7120,50,25,54
exchange,200,32,2124,42,uniform,2,10423,5.758,4097,25670,816450,0,0,7140,50,25,54
exchange,200,32,3823,42,uniform,0,13516,6.055,4097,25896,566958,0,0,5612,90,25,54
exchange,200,32,3823,42,uniform,1,13516,4.621,4097,25896,566958,0,0,7020,90,25,54
exchange,200,32,3823,42,uniform,2,13516,4.582,4097,25896,566958,0,0,7040,90,25,54
exchange,200,32,508,42,uniform,0,3529,5.333,4097,12754,430156,0,0,5220,10,50,104
exchange,200,32,508,42,uniform,1,3529,3.439,4097,12754,430156,0,0,5920,10,50,104
exchange,200,32,508,42,uniform,2,3529,3.539,4097,12754,430156,0,0,5924,10,50,104
exchange,200,32,2544,42,uniform,0,10278,6.125,4097,16409,556002,0,0,5920,50,50,104
exchange,200,32,2544,42,uniform,1,10278,4.422,4097,16409,556002,0,0,6628,50,50,104
exchange,200,32,2544,42,uniform,2,10278,4.375,4097,16409,556002,0,0,6696,50,50,104
exchange,200,32,4579,42,uniform,0,13512,5.190,4097,18287,377382,0,0,5920,90,50,104
exchange,200,32,4579,42,uniform,1,13512,3.460,4097,18287,377382,0,0,6760,90,50,104
exchange,200,32,4579,42,uniform,2,13512,3.445,4097,18287,377382,0,0,6760,90,50,104
exchange,200,32,569,42,uniform,0,2992,4.073,4097,6225,239824,0,0,4776,10,75,152
exchange,200,32,569,42,uniform,1,2992,2.371,4097,6225,239824,0,0,5272,10,75,152
exchange,200,32,569,42,uniform,2,2992,2.488,4097,6225,239824,0,0,5272,10,75,152
exchange,200,32,2849,42,uniform,0,10056,4.551,4097,8986,274824,0,0,5160,50,75,152
exchange,200,32,2849,42,uniform,1,10056,2.808,4097,8986,274824,0,0,5812,50,75,152
exchange,200,32,2849,42,uniform,2,10056,2.766,4097,8986,274824,0,0,5812,50,75,152
exchange,200,32,5129,42,uniform,0,13481,4.522,4097,8454,181428,0,0,5164,90,75,152
exchange,200,32,5129,42,uniform,1,13481,2.188,4097,8454,181428,0,0,5652,90,75,152
exchange,200,32,5129,42,uniform,2,13481,2.176,4097,8454,181428,0,0,5652,90,75,152
paper,200,32,347,42,correlated,0,2075,16.405,4097,47236,402652,132,11,9016,10,0,6
paper,200,32,347,42,correlated,1,2075,12.374,4097,47236,402652,132,11,10552,10,0,6
paper,200,32,347,42,correlated,2,2075,12.140,4097,47236,402652,132,11,10736,10,0,6
paper,200,32,1739,42,correlated,0,6091,13.617,4097,37978,382908,132,12,8392,50,0,6
paper,200,32,1739,42,correlated,1,6091,10.328,4097,37978,382908,132,12,9900,50,0,6
paper,200,32,1739,42,correlated,2,6091,11.315,4097,37978,382908,132,12,9900,50,0,6
paper,200,32,3130,42,correlated,0,9146,13.942,4097,35801,489754,130,13,9256,90,0,6
paper,200,32,3130,42,correlated,1,9146,11.546,4097,35801,489754,130,13,10452,90,0,6
paper,200,32,3130,42,correlated,2,9146,13.455,4097,35801,489754,130,13,10452,90,0,6
paper,200,32,640,42,duplicates,0,2469,2.336,4097,84,8,12,0,4836,10,100,200
paper,200,32,640,42,duplicates,1,2469,0.953,4097,84,8,12,0,5132,10,100,200
paper,200,32,640,42,duplicates,2,2469,0.869,4097,84,8,12,0,5136,10,100,200
paper,200,32,3200,42,duplicates,0,9928,2.659,4097,128,8,14,0,5092,50,100,200
paper,200,32,3200,42,duplicates,1,9928,0.891,4097,128,8,14,0,5092,50,100,200
paper,200,32,3200,42,duplicates,2,9928,0.850,4097,128,8,14,0,5092,50,100,200
paper,200,32,5760,42,duplicates,0,13491,2.304,4097,84,8,12,0,5124,90,100,200
paper,200,32,5760,42,duplicates,1,13491,0.995,4097,84,8,12,0,5416,90,100,200
paper,200,32,5760,42,duplicates,2,13491,0.985,4097,84,8,12,0,5420,90,100,200
paper,200,32,347,42,subset,0,347,13.507,4097,43010,489380,132,11,8944,10,0,6
paper,200,32,347,42,subset,1,347,11.320,4097,43010,489380,132,11,10204,10,0,6
paper,200,32,347,42,subset,2,347,10.586,4097,43010,489380,132,11,10204,10,0,6
paper,200,32,1739,42,subset,0,1739,15.880,4097,48268,678140,139,10,8708,50,0,6
paper,200,32,1739,42,subset,1,1739,14.138,4097,48268,678140,139,10,10388,50,0,6
paper,200,32,1739,42,subset,2,1739,14.005,4097,48268,678140,139,10,10468,50,0,6
paper,200,32,3130,42,subset,0,3130,15.303,4097,35189,506698,131,13,8920,90,0,6
paper,200,32,3130,42,subset,1,3130,11.538,4097,35189,506698,131,13,10000,90,0,6
paper,200,32,3130,42,subset,2,3130,11.424,4097,35189,506698,131,13,10048,90,0,6
paper,200,32,347,42,ties,0,2429,14.790,4097,43010,489380,132,11,8912,10,0,6
paper,200,32,347,42,ties,1,2429,11.315,4097,43010,489380,132,11,10180,10,0,6
paper,200,32,347,42,ties,2,2429,10.211,4097,43010,489380,132,11,10180,10,0,6
paper,200,32,1739,42,ties,0,12173,16.087,4097,48268,678140,139,10,8712,50,0,6
paper,200,32,1739,42,ties,1,12173,13.527,4097,48268,678140,139,10,10480,50,0,6
paper,200,32,1739,42,ties,2,12173,13.244,4097,48268,678140,139,10,10480,50,0,6
paper,200,32,3130,42,ties,0,21910,15.136,4097,35189,506698,131,13,8940,90,0,6
paper,200,32,3130,42,ties,1,21910,11.234,4097,35189,506698,131,13,10016,90,0,6
paper,200,32,3130,42,ties,2,21910,11.278,4097,35189,506698,131,13,10016,90,0,6
paper,200,32,347,42,uniform,0,3939,16.281,4097,43690,522122,132,10,8884,10,0,6
paper,200,32,347,42,uniform,1,3939,11.533,4097,43690,522122,132,10,10248,10,0,6
paper,200,32,347,42,uniform,2,3939,10.410,4097,43690,522122,132,10,10504,10,0,6
paper,200,32,1739,42,uniform,0,10440,16.514,4097,47895,674208,144,13,8808,50,0,6
paper,200,32,1739,42,uniform,1,10440,15.356,4097,47895,674208,144,13,10732,50,0,6
paper,200,32,1739,42,uniform,2,10440,15.289,4097,47895,674208,144,13,10732,50,0,6
paper,200,32,3130,42,uniform,0,13487,14.668,4097,36997,555120,129,11,8588,90,0,6
paper,200,32,3130,42,uniform,1,13487,12.116,4097,36997,555120,129,11,10160,90,0,6
paper,200,32,3130,42,uniform,2,13487,11.984,4097,36997,555120,129,11,10216,90,0,6
paper,200,32,640,42,uniform,0,2469,3.026,4097,84,8,12,0,4784,10,100,200
paper,200,32,640,42,uniform,1,2469,0.949,4097,84,8,12,0,5080,10,100,200
paper,200,32,640,42,uniform,2,2469,0.873,4097,84,8,12,0,5084,10,100,200
paper,200,32,3200,42,uniform,0,9928,2.967,4097,128,8,14,0,5096,50,100,200
paper,200,32,3200,42,uniform,1,9928,0.939,4097,128,8,14,0,5096,50,100,200
paper,200,32,3200,42,uniform,2,9928,0.884,4097,128,8,14,0,5096,50,100,200
paper,200,32,5760,42,uniform,0,13491,2.530,4097,84,8,12,0,5096,90,100,200
paper,200,32,5760,42,uniform,1,13491,1.011,4097,84,8,12,0,5388,90,100,200
paper,200,32,5760,42,uniform,2,13491,1.008,4097,84,8,12,0,5392,90,100,200
paper,200,32,424,42,uniform,0,3972,13.531,4097,37782,478454,123,10,8656,10,25,54
paper,200,32,424,42,uniform,1,3972,11.116,4097,37782,478454,123,10,10296,10,25,54
paper,200,32,424,42,uniform,2,3972,12.041,4097,37782,478454,123,10,10412,10,25,54
paper,200,32,2124,42,uniform,0,10423,16.499,4097,43490,609766,130,12,9024,50,25,54
paper,200,32,2124,42,uniform,1,10423,14.121,4097,43490,609766,130,12,10220,50,25,54
paper,200,32,2124,42,uniform,2,10423,13.113,4097,43490,609766,130,12,10372,50,25,54
paper,200,32,3823,42,uniform,0,13516,14.635,4097,36670,515326,127,10,8736,90,25,54
paper,200,32,3823,42,uniform,1,13516,11.650,4097,36670,515326,127,10,10268,90,25,54
paper,200,32,3823,42,uniform,2,13516,12.276,4097,36670,515326,127,10,10268,90,25,54
paper,200,32,508,42,uniform,0,3529,11.323,4097,26024,353532,101,9,7084,10,50,104
paper,200,32,508,42,uniform,1,3529,7.879,4097,26024,353532,101,9,8272,10,50,104
paper,200,32,508,42,uniform,2,3529,8.189,4097,26024,353532,101,9,8272,10,50,104
paper,200,32,2544,42,uniform,0,10278,11.288,4097,30279,425034,105,10,6872,50,50,104
paper,200,32,2544,42,uniform,1,10278,9.510,4097,30279,425034,105,10,7940,50,50,104
paper,200,32,2544,42,uniform,2,10278,10.301,4097,30279,425034,105,10,8464,50,50,104
paper,200,32,4579,42,uniform,0,13512,10.494,4097,30980,360140,106,8,7472,90,50,104
paper,200,32,4579,42,uniform,1,13512,8.033,4097,30980,360140,106,8,8272,90,50,104
paper,200,32,4579,42,uniform,2,13512,10.053,4097,30980,360140,106,8,8620,90,50,104
paper,200,32,569,42,uniform,0,2992,6.816,4097,12619,175214,74,4,6340,10,75,152
paper,200,32,569,42,uniform,1,2992,4.611,4097,12619,175214,74,4,7044,10,75,152
paper,200,32,569,42,uniform,2,2992,4.683,4097,12619,175214,74,4,7108,10,75,152
paper,200,32,2849,42,uniform,0,10056,7.622,4097,14665,184106,75,3,5940,50,75,152
paper,200,32,2849,42,uniform,1,10056,6.283,4097,14665,184106,75,3,6588,50,75,152
paper,200,32,2849,42,uniform,2,10056,5.354,4097,14665,184106,75,3,6908,50,75,152
paper,200,32,5129,42,uniform,0,13481,6.658,4097,14323,145838,79,3,6288,90,75,152
paper,200,32,5129,42,uniform,1,13481,4.225,4097,14323,145838,79,3,6576,90,75,152
paper,200,32,5129,42,uniform,2,13481,4.146,4097,14323,145838,79,3,6576,90,75,152
